{
  "IcoMoonType": "selection",
  "icons": [
    {
      "icon": {
        "paths": [
          "M512 0c-282.77 0-512 229.23-512 512s229.226 512 512 512c282.77 0 512-229.23 512-512s-229.23-512-512-512zM512 832c-48.458 0-94.384-10.796-135.542-30.082l33.162-55.276c31.356 13.712 65.966 21.358 102.38 21.358 93.208 0 174.772-49.818 219.542-124.278l54.882 32.934c-55.964 93.070-157.914 155.344-274.424 155.344zM832 384c0 35.2-28.8 64-64 64h-128c-35.2 0-64-28.8-64-64h-128c0 35.2-28.8 64-64 64h-128c-35.2 0-64-28.8-64-64v-96c0-17.6 14.4-32 32-32h192c17.6 0 32 14.4 32 32v32h128v-32c0-17.6 14.4-32 32-32h192c17.6 0 32 14.4 32 32v96z"
        ],
        "tags": [
          "cool",
          "emoticon",
          "smiley",
          "face"
        ],
        "defaultCode": 59884,
        "grid": 16,
        "attrs": []
      },
      "attrs": [],
      "properties": {
        "ligatures": "cool2, emoticon14",
        "name": "cool2",
        "order": 2,
        "id": 237,
        "prevSize": 32
      },
      "setIdx": 1,
      "setId": 1,
      "iconIdx": 236
    }
  ],
  "height": 1024,
  "preferences": {
    "showGlyphs": true,
    "showQuickUse": true,
    "showQuickUse2": true,
    "showSVGs": true,
    "fontPref": {
      "prefix": "icon-",
      "metadata": {
        "fontFamily": "icomoon"
      },
      "metrics": {
        "emSize": 1024,
        "baseline": 6.25,
        "whitespace": 50
      },
      "embed": false
    },
    "imagePref": {
      "prefix": "icon-",
      "png": true,
      "useClassSelector": true,
      "color": 0,
      "bgColor": 16777215,
      "classSelector": ".icon",
      "name": "icomoon"
    },
    "historySize": 50,
    "showCodes": true,
    "gridSize": 16
  }
}